<?xml version="1.0" encoding="UTF-8"?>
<beans xmlns="http://www.springframework.org/schema/beans"
   xmlns:xsi="http://www.w3.org/2001/XMLSchema-instance"
   xmlns:context="http://www.springframework.org/schema/context"
   xsi:schemaLocation="http://www.springframework.org/schema/beans http://www.springframework.org/schema/beans/spring-beans.xsd
      http://www.springframework.org/schema/context http://www.springframework.org/schema/context/spring-context-4.2.xsd">

   <!-- 자동 빈 생성  -->
    <context:component-scan base-package="board.impl"/>
   
   <!-- DataSource 설정 -->
    <context:property-placeholder location="classpath:config/db.properties"/>
    <bean id='dataSource' class="org.apache.commons.dbcp.BasicDataSource">
    <property name="driverClassName" value="${jdbc.driver}"/>
    <property name="url" value="${jdbc.url}"/>
    <property name="username" value="${jdbc.username}"/>
    <property name="password" value="${jdbc.password}"/>
    
    </bean>
    
   <!-- Spring과 Mybatis 연동 설정 -->
   <bean id='sqlSession' class="org.mybatis.spring.SqlSessionFactoryBean">
   <property name="dataSource" ref="dataSource"/>
   <!--  <property name="configLocation" value="classpath:mybatis-config.xml"/>-->
   <property name="mapperLocations" value = 'classpath:mappings/board-mapping.xml'></property>
   <property name="typeAliases">
   	<list>
   		<value>board.vo.BoardVO</value>
   	</list>
   </property>
   </bean>
   
   
   <bean class="org.mybatis.spring.SqlSessionTemplate">
   <constructor-arg ref='sqlSession'/>
   
   
   </bean>


</beans>