<?xml version="1.0" encoding="UTF-8"?>
<beans xmlns="http://www.springframework.org/schema/beans"
	xmlns:xsi="http://www.w3.org/2001/XMLSchema-instance"
	xmlns:context="http://www.springframework.org/schema/context"
	xsi:schemaLocation="http://www.springframework.org/schema/beans http://www.springframework.org/schema/beans/spring-beans.xsd
		http://www.springframework.org/schema/context http://www.springframework.org/schema/context/spring-context-4.3.xsd">

<bean id='message' class="ex3_autowiring.MessageBeanImpl">
   <property name="name" value= '홍길정'/>
   <property name="message" value = '우리조파이팅'/>
</bean>

<bean id='outputer' class="ex3_autowiring.OutputerImpl">
	<property name="path" value = 'src\\ex3_autowiring\\save.txt'/>
</bean>

<!--  골벵이를 찾는 테그 -->
<context:component-scan base-package="ex3_autowiring"/>





</beans>